source,source_url,subject,body,brand,category,scraped_at
mailchimp_template,https://mailchimp.com/resources/,Exciting News: Our New Product is Here!,"Hi there!

We're thrilled to announce the launch of our newest product that we've been working on for months.

ğŸ‰ What's New:
â€¢ Revolutionary features that will transform your workflow
â€¢ Improved user experience with intuitive design  
â€¢ Better performance and reliability

As a valued subscriber, you get early access with 20% off for the first week.

[Get Early Access Now]

Thank you for being part of our journey!

Best regards,
The Team",Generic Template,product_announcement,2025-08-18T22:48:25.570272
mailchimp_template,https://mailchimp.com/resources/,Important Update: New Features Available,"Hello!

We've just rolled out some exciting updates to improve your experience.

âœ¨ What's Improved:
â€¢ Faster loading times
â€¢ New dashboard design
â€¢ Enhanced mobile experience
â€¢ Better security features

These updates are now live for all users. No action needed on your part!

Questions? Just reply to this email.

Happy updating!
Support Team",Generic Template,feature_announcement,2025-08-18T22:48:25.570337
mailchimp_template,https://mailchimp.com/resources/,Join Us: Exciting Company News!,"Dear Valued Customer,

We have some fantastic news to share with our community!

ğŸŒŸ Big Announcement:
We've just secured Series B funding to accelerate our growth and bring you even better products and services.

What this means for you:
â†’ Faster product development
â†’ Improved customer support
â†’ New features coming soon
â†’ Continued commitment to excellence

Thank you for being part of our success story. More exciting updates coming soon!

Cheers,
Leadership Team

P.S. Keep an eye on your inbox for exclusive early access to our upcoming features.",Generic Template,company_announcement,2025-08-18T22:48:25.570355
design_template,curated_template,ğŸš€ Blast Off: Our New App is Live!,"Hey [Name]!

The wait is over! ğŸ‰

After months of development, we're excited to announce that our new mobile app is now available for download.

ğŸ”¥ Key Features:
â€¢ Lightning-fast performance
â€¢ Sleek, intuitive design  
â€¢ Offline mode capability
â€¢ Seamless sync across devices

Ready to experience the future? Download now:

ğŸ“± [Download for iOS]
ğŸ¤– [Download for Android]

Early bird special: Use code LAUNCH20 for 20% off premium features (limited time!)

Questions? Our support team is standing by.

To your success,
[Your Name] & the [Company] Team

P.S. Share this with friends and get a month free when they sign up!",Tech Startup,app_launch,2025-08-18T22:48:25.570378
design_template,curated_template,Breaking: Major Partnership Announcement,"Dear [Name],

Today marks a milestone in our company's journey.

ğŸ¤ BIG NEWS: We've partnered with [Major Company] to bring you unprecedented value and innovation.

What This Partnership Brings:
âœ“ Expanded product offerings
âœ“ Enhanced service capabilities  
âœ“ Broader global reach
âœ“ Improved customer experience

This collaboration allows us to serve you better while maintaining our commitment to quality and innovation.

Want the full story? Read our press release: [Link]

We're just getting started. Exciting times ahead!

Best,
[CEO Name]
[Company Name]

---
This partnership is about YOU - our valued customer. Expect great things.",Enterprise,partnership_announcement,2025-08-18T22:48:25.570390
design_template,curated_template,You're Invited: Exclusive Event Announcement,"Hi [Name]!

You're invited to something special! ğŸŠ

We're hosting an exclusive virtual event and you're on the VIP list.

ğŸ“… SAVE THE DATE:
Event: Future of [Industry] Summit
Date: [Date]  
Time: [Time] PST
Where: Online (Link will be sent)

ğŸŒŸ What to Expect:
â€¢ Keynote from industry leaders
â€¢ Interactive workshops
â€¢ Networking opportunities
â€¢ Exclusive product previews
â€¢ Q&A sessions

This is a limited-capacity event reserved for our most engaged community members.

[RESERVE MY SPOT] - Free for you!

Can't wait to see you there!

Warm regards,
Events Team

P.S. Spots are filling up fast. Secure yours today!",Professional Services,event_announcement,2025-08-18T22:48:25.570401
design_template,curated_template,Celebrating You: Community Milestone Reached!,"Amazing news, [Name]!

ğŸ‰ WE DID IT TOGETHER! ğŸ‰

Our community has just reached [Number] members, and it's all thanks to incredible people like you.

When we started this journey, we dreamed of building something special. Today, that dream is our reality:

ğŸ“Š By the Numbers:
â€¢ [Number]+ active community members
â€¢ [Number] success stories shared
â€¢ [Number] connections made
â€¢ [Number] goals achieved together

To celebrate this milestone, we're giving back:

ğŸ COMMUNITY CELEBRATION PERKS:
â†’ Free premium access for the next month
â†’ Exclusive community-only resources
â†’ Special ""Founding Member"" badge
â†’ Early access to all new features

[CLAIM YOUR CELEBRATION PERKS]

Thank you for making our community extraordinary. Here's to the next milestone!

With gratitude,
[Your Name] & Community Team

#CommunityStrong #TogetherWeGrow",Community Platform,milestone_announcement,2025-08-18T22:48:25.570411
hubspot_style,hubspot_inspired,New Feature Alert: [Feature Name] is Here,"Hi [First Name],

Great news! We've just launched [Feature Name], and it's going to make your [workflow/process] so much easier.

Here's what's new:

ğŸ”§ [Feature Name] allows you to:
â€¢ [Benefit 1]
â€¢ [Benefit 2] 
â€¢ [Benefit 3]

â†’ [Call-to-Action Button: Try It Now]

This feature was built based on your feedback, so we can't wait to hear what you think!

Need help getting started? Check out our quick tutorial: [Link]

Happy [day of week]!
[Your Name]

P.S. Have questions? Just reply to this email - we read every message.",SaaS Platform,feature_launch,2025-08-18T22:48:25.570430
hubspot_style,hubspot_inspired,Big Changes Coming: Here's What You Need to Know,"Hello [Name],

We're making some important changes that will improve your experience with us.

ğŸ“‹ What's Changing:
Starting [Date], we're introducing:
â€¢ Enhanced security measures
â€¢ Streamlined user interface
â€¢ Improved performance
â€¢ New collaboration tools

ğŸ“‹ What This Means for You:
âœ“ Better protection of your data
âœ“ Faster, more intuitive experience
âœ“ New ways to work with your team
âœ“ Same great service you love

ğŸ“‹ What You Need to Do:
Nothing! These improvements happen automatically.

We'll send another email before the changes go live with any important details.

Questions? Our support team is here: [Support Link]

Thanks for being with us!
[Team Name]",Business Software,system_update,2025-08-18T22:48:25.570440
